artifact/core-receipt.json	53921	271c7f38c9a952024c176d35134e63b4919a24b4996fbf4f23febf2f802445a5
artifact/manifest.tsv	635	6a61ac9516c8e8631e0d0cdcf2d8bca90a65e7206dbedb808997c222a6d43cfd
artifact/receipt.json	59262	4d68f5607de77b82252e556c948ef4934d9a99c3fa69a0bdc7811049108e7749
artifact/server-stderr.log	36763	3537cbd6ac8e62cf7e17e17dbbbefff661f8f0a98d7387641f1b24f1f6be6739
artifact/server-stdout.log	5098	120c21edfa349cef890f29bfe9e478f30b355503dab4e7555639aca065abcced
artifact/server-summary.json	5599	f615c0ac4e8a35fac66b4589b1161a26fb14ef65987184b00291a25954022bb0
artifact/transcript.bin	4981056	0469e5603660f8a06e2c6d4cc0ac6af48b57a413c02fd243708ad4084940cf47
board-after-first.txt	8724	cb937e52eee284015289e370faa49182c0578c7af817c62da3553045fcc183dd
board-after-first.txt.status	2	148f02f92554e6acdee4cc513b5cd4e13883a1726b9dca02b19fe9a95c79a369
board-after-second.txt	8724	6e402bad53c0a74b799aede6f8526a6211c087d3c5c6f376f040eb42b6f8e6f4
board-after-second.txt.status	2	148f02f92554e6acdee4cc513b5cd4e13883a1726b9dca02b19fe9a95c79a369
board-after-stop.txt	8724	7a68f391d3853e7e779513dfbd3d2ebf7a99f35bf48b57d0e02c57a8ecfef929
board-after-stop.txt.status	2	148f02f92554e6acdee4cc513b5cd4e13883a1726b9dca02b19fe9a95c79a369
board-before.txt	8724	d6463aef8c2384fcd24f3aea9afbef3a5363e9c2de24c9b22ad5069707f2ab3d
board-before.txt.status	2	148f02f92554e6acdee4cc513b5cd4e13883a1726b9dca02b19fe9a95c79a369
classification-receipt.json	1158	0da071d132ea15953004e2e80488984b25650f5227d2ccb7682cc0fc77c7a68d
container-after-stop.txt	0	af1349b9f5f9a1a6a0404dea36dcc9499bcb25c9adc112b7cc9a93cae41f3262
container-after.txt	90	75432dcbe2d8fbf40490396244a5f4425a88e9d0c1ce5dcf3915c0592c7c6ffd
container-before.txt	83	a58b7ce38932e53547e6239e3167fc779bd8050f8f4db8afb2d53e7279e27954
device-owner-after-stop.status	2	50cc1102b1c612e6962547aacdcef9a400d4416ef8dd9388e885991853c400c9
device-owner-after-stop.txt	0	af1349b9f5f9a1a6a0404dea36dcc9499bcb25c9adc112b7cc9a93cae41f3262
diagnostic-status.txt	2	148f02f92554e6acdee4cc513b5cd4e13883a1726b9dca02b19fe9a95c79a369
diagnostic.log	47	aabc77166573af7fac34dcce12dd89a8dc6a5c0db4b626d4d128096878b6cdfa
evidence-completeness-status.txt	2	50cc1102b1c612e6962547aacdcef9a400d4416ef8dd9388e885991853c400c9
evidence-completeness.log	0	af1349b9f5f9a1a6a0404dea36dcc9499bcb25c9adc112b7cc9a93cae41f3262
execution-attempt-count.txt	2	50cc1102b1c612e6962547aacdcef9a400d4416ef8dd9388e885991853c400c9
health-after.body	0	af1349b9f5f9a1a6a0404dea36dcc9499bcb25c9adc112b7cc9a93cae41f3262
health-after.curl-status	2	148f02f92554e6acdee4cc513b5cd4e13883a1726b9dca02b19fe9a95c79a369
health-after.status	4	a73bbb14998d49cc28a500a1e3bb40a7d1a51a685ad5ca7a1ec75fa855304ddb
health-before.body	0	af1349b9f5f9a1a6a0404dea36dcc9499bcb25c9adc112b7cc9a93cae41f3262
health-before.curl-status	2	148f02f92554e6acdee4cc513b5cd4e13883a1726b9dca02b19fe9a95c79a369
health-before.status	4	a73bbb14998d49cc28a500a1e3bb40a7d1a51a685ad5ca7a1ec75fa855304ddb
host-fingerprint.txt	120	7018176607318cfb994d523d03265be6510e3cded2cbda37ca7aa7ff10d9c5ee
inspector/kernels.yaml	20636	e82af8aa50316be7edb746ba17188a6af3984342223dc1d01fae0eefc8a6dba5
inspector/mesh_devices_log.yaml	480	da74a38570ee1c9efcfe1cc71c39d01c811044362f235878966a2d5a3037f177
inspector/mesh_workloads_log.yaml	14490	c1166978146b0334d529b0f52794f52fbeffb35cc91bea5459667c69239838d2
inspector/programs_log.yaml	38232	4567388c926e924646240de3223f7e2d81c6e19ecca7958df8ed5f9d158131dd
inspector/startup.yaml	144	2175fdc59bacb886887efe34344f88fa3747cbd863103867c087f450c2803ec5
invocation-count.txt	2	50cc1102b1c612e6962547aacdcef9a400d4416ef8dd9388e885991853c400c9
isolate.log	37	4a9a36b1c14788d8c59c751c4c19ef8fd1bd83d4140621ad1c50088587b8669e
known_hosts	127	285f73e5f4bebea3633a468efe817e84c8a334ef1061784723e50fcde3211196
orchestration-final-status.txt	2	50cc1102b1c612e6962547aacdcef9a400d4416ef8dd9388e885991853c400c9
orchestration-incoming-status.txt	2	50cc1102b1c612e6962547aacdcef9a400d4416ef8dd9388e885991853c400c9
owner-after-stop.properties	62	8917f7480e851a1d709f15c5426337ec2cd80ede9619818d0d59c07472585f68
owner-after.properties	63	ca21ead27b78c78bf3bf23fa04f42cc3922190ca93e1cdedc1d64b36c5b24d85
owner-before.properties	63	ca21ead27b78c78bf3bf23fa04f42cc3922190ca93e1cdedc1d64b36c5b24d85
owner-control-preflight.log	49	b61d70797a5610e799ce7e262860340ac4e28835e6df815560939c0dbb67870b
postprocess-diagnostic.json	604	32076225425643b19f5071116695307b9c5209ca23df79035d7905bd0d891d20
preflight.log	64	965de65174c2afd90f2b9c807bdc5d9a58d8535e9f794a55eb3acc5a9b9be742
process-receipt.json	329	83d78b2697c37d4887c531b7403539121779ec52ebb0c5fab4343ee97a7a7d39
pueue-task.json	362	5323984aa3376c88fe1db48b0c645fe5b5921453e73d4b515f14e7f79f59eeec
pueue-task.log	2174	4194a4f12476edeb29699df1cfa292a033c224f6cbe1396cef72b4798be81f1f
request-frame-blake3.txt	1560	3b598237efce6f949f5359d78e45df6b10a30fb9fc7af286b3099257c8fe0fb6
response-frame-blake3.txt	1560	af12f395fdc73ef599dc2b21ce1c2cb9af8af33eef1cb264ca17af896336e6cc
restoration-attempted.txt	2	50cc1102b1c612e6962547aacdcef9a400d4416ef8dd9388e885991853c400c9
restore-status.txt	2	148f02f92554e6acdee4cc513b5cd4e13883a1726b9dca02b19fe9a95c79a369
restore.log	37	39a019c949c9184fb1baaee67602e1a079d91f64fc36b8f99f81418d15ad660f
restored-health-status.txt	2	148f02f92554e6acdee4cc513b5cd4e13883a1726b9dca02b19fe9a95c79a369
rollback-after.properties	243	edcf1bfdefa80812be161cb2b0ec92db8862fd83eeb58a1a148160cd4cab3601
rollback-after.status	2	148f02f92554e6acdee4cc513b5cd4e13883a1726b9dca02b19fe9a95c79a369
rollback-arm-attempted.txt	2	50cc1102b1c612e6962547aacdcef9a400d4416ef8dd9388e885991853c400c9
rollback-arm.log	145	ef41f75ceaf0d8f1afb230623f35f93e813d0f67dc42fe5b8c54a3b9d39b6065
rollback-armed.properties	238	40f74ecf52812989a2e46fbed17e28d7476ae00b5af06b6d18337515e415e8d8
rollback-armed.status	2	148f02f92554e6acdee4cc513b5cd4e13883a1726b9dca02b19fe9a95c79a369
rollback-disarm-status.txt	2	148f02f92554e6acdee4cc513b5cd4e13883a1726b9dca02b19fe9a95c79a369
rollback-disarm.log	0	af1349b9f5f9a1a6a0404dea36dcc9499bcb25c9adc112b7cc9a93cae41f3262
rollback-final-disarm-status.txt	2	148f02f92554e6acdee4cc513b5cd4e13883a1726b9dca02b19fe9a95c79a369
root-ssh-preflight.log	0	af1349b9f5f9a1a6a0404dea36dcc9499bcb25c9adc112b7cc9a93cae41f3262
service-stop-attempted.txt	2	50cc1102b1c612e6962547aacdcef9a400d4416ef8dd9388e885991853c400c9
session-evidence.json	1680	615c557457d992e26c6a440225e06c8e6f1a3c47223f3101b1389ed331d3b634
ssh-keyscan.log	0	af1349b9f5f9a1a6a0404dea36dcc9499bcb25c9adc112b7cc9a93cae41f3262
